domain,baseline,sample_count,avg_candidates,score_coverage_rate,MRR,HR@5,NDCG@5,HR@10,NDCG@10,HR@20,NDCG@20,status_label,implementation_status,comparison_variant,source_summary_path
sports,elmrec,10000,101.0,1.0,0.05370098509340962,0.0532,0.0317045492853883,0.1054,0.048371635820857316,0.2013,0.07235047327652501,same_schema_external_baseline,official_completed,official_code_qwen3base_default_hparams_declared_adaptation,outputs/sports_large10000_100neg_elmrec_graph_official_qwen3base_same_candidate/scores.csv
sports,irllrec,10000,101.0,1.0,0.12444202662842994,0.1573,0.10642150916142634,0.2215,0.12691703149297534,0.4016,0.17128490034441315,same_schema_external_baseline,official_completed,official_code_qwen3base_default_hparams_declared_adaptation,outputs/sports_large10000_100neg_irllrec_intent_official_qwen3base_same_candidate/scores.csv
sports,llm2rec,10000,101.0,1.0,0.08828933028385053,0.1105,0.06514778914391295,0.206,0.09566791850988236,0.3657,0.13561659669926907,same_schema_external_baseline,official_completed,official_code_qwen3base_default_hparams_declared_adaptation,outputs/sports_large10000_100neg_llm2rec_sasrec_official_qwen3base_same_candidate/scores.csv
sports,llmemb,10000,101.0,1.0,0.15388313355762076,0.2124,0.13885272155602335,0.3384,0.17950042152579318,0.49,0.21768683586414428,same_schema_external_baseline,official_completed,official_code_qwen3base_default_hparams_declared_adaptation,outputs/sports_large10000_100neg_llmemb_official_qwen3base_same_candidate/scores.csv
sports,llmesr,10000,101.0,1.0,0.0751149958885503,0.0916,0.054919833257876506,0.1564,0.0758115528438973,0.265,0.10310478593304104,same_schema_external_baseline,official_completed,official_code_qwen3base_default_hparams_declared_adaptation,outputs/sports_large10000_100neg_llmesr_sasrec_official_qwen3base_same_candidate/scores.csv
sports,proex,10000,101.0,1.0,0.07426897148543393,0.0821,0.051682655562088085,0.1527,0.07417226634971949,0.2777,0.10540647147617481,same_schema_external_baseline,official_completed,official_code_qwen3base_default_hparams_declared_adaptation,outputs/sports_large10000_100neg_proex_profile_official_qwen3base_same_candidate/scores.csv
sports,promax,10000,101.0,1.0,0.07410527472370795,0.0825,0.05418479544848338,0.1387,0.07215334114813154,0.237,0.09675935910495721,same_schema_external_baseline,official_completed,official_code_qwen3base_default_hparams_declared_adaptation,outputs/sports_large10000_100neg_promax_profile_official_qwen3base_same_candidate/scores.csv
sports,rlmrec,10000,101.0,1.0,0.09720456858848743,0.1212,0.078580389191345,0.1879,0.10001773336299705,0.3009,0.12818232277286493,same_schema_external_baseline,official_completed,official_code_qwen3base_default_hparams_declared_adaptation,outputs/sports_large10000_100neg_rlmrec_graphcl_official_qwen3base_same_candidate/scores.csv
toys,elmrec,10000,101.0,1.0,0.05431081812612059,0.0545,0.03259298673054038,0.1043,0.04856005753116525,0.2013,0.07278039157879498,same_schema_external_baseline,official_completed,official_code_qwen3base_default_hparams_declared_adaptation,outputs/toys_large10000_100neg_elmrec_graph_official_qwen3base_same_candidate/scores.csv
toys,irllrec,10000,101.0,1.0,0.1311986744710446,0.1565,0.11049209461545026,0.2293,0.13380144693674725,0.4098,0.1785851471792316,same_schema_external_baseline,official_completed,official_code_qwen3base_default_hparams_declared_adaptation,outputs/toys_large10000_100neg_irllrec_intent_official_qwen3base_same_candidate/scores.csv
toys,llm2rec,10000,101.0,1.0,0.15921596430464027,0.2202,0.1475691807818137,0.3172,0.17887285724512209,0.4652,0.21609262826220665,same_schema_external_baseline,official_completed,official_code_qwen3base_default_hparams_declared_adaptation,outputs/toys_large10000_100neg_llm2rec_sasrec_official_qwen3base_same_candidate/scores.csv
toys,llmemb,10000,101.0,1.0,0.1813804118284203,0.2499,0.17252113274887534,0.3505,0.20485045979333913,0.4866,0.23905481091819092,same_schema_external_baseline,official_completed,official_code_qwen3base_default_hparams_declared_adaptation,outputs/toys_large10000_100neg_llmemb_official_qwen3base_same_candidate/scores.csv
toys,llmesr,10000,101.0,1.0,0.05844977379835533,0.0637,0.037504900117522603,0.1172,0.05456849726033091,0.2203,0.08036871527121744,same_schema_external_baseline,official_completed,official_code_qwen3base_default_hparams_declared_adaptation,outputs/toys_large10000_100neg_llmesr_sasrec_official_qwen3base_same_candidate/scores.csv
toys,proex,10000,101.0,1.0,0.08121671352544663,0.0895,0.058141214365017416,0.1615,0.0810170703641553,0.3017,0.11607709818340411,same_schema_external_baseline,official_completed,official_code_qwen3base_default_hparams_declared_adaptation,outputs/toys_large10000_100neg_proex_profile_official_qwen3base_same_candidate/scores.csv
toys,promax,10000,101.0,1.0,0.08184625622431366,0.092,0.06289618254810064,0.1435,0.07937554863319267,0.2416,0.10387644003990415,same_schema_external_baseline,official_completed,official_code_qwen3base_default_hparams_declared_adaptation,outputs/toys_large10000_100neg_promax_profile_official_qwen3base_same_candidate/scores.csv
toys,rlmrec,10000,101.0,1.0,0.1058452782968119,0.1281,0.08716027936492049,0.1885,0.10650871155525234,0.305,0.1353997243006345,same_schema_external_baseline,official_completed,official_code_qwen3base_default_hparams_declared_adaptation,outputs/toys_large10000_100neg_rlmrec_graphcl_official_qwen3base_same_candidate/scores.csv
home,elmrec,10000,101.0,1.0,0.05195852255617441,0.0509,0.029717257242599254,0.1021,0.0460440741915887,0.2018,0.0708856096588022,same_schema_external_baseline,official_completed,official_code_qwen3base_default_hparams_declared_adaptation,outputs/home_large10000_100neg_elmrec_graph_official_qwen3base_same_candidate/scores.csv
home,irllrec,10000,101.0,1.0,0.07424325424843974,0.0821,0.05108975290090002,0.1443,0.07089752436733526,0.2878,0.10662011242627113,same_schema_external_baseline,official_completed,official_code_qwen3base_default_hparams_declared_adaptation,outputs/home_large10000_100neg_irllrec_intent_official_qwen3base_same_candidate/scores.csv
home,llm2rec,10000,101.0,1.0,0.0563865859396318,0.0577,0.034207889197971464,0.1101,0.05094946457092549,0.2153,0.07719596686909931,same_schema_external_baseline,official_completed,official_code_qwen3base_default_hparams_declared_adaptation,outputs/home_large10000_100neg_llm2rec_sasrec_official_qwen3base_same_candidate/scores.csv
home,llmemb,10000,101.0,1.0,0.09012268660291177,0.1079,0.06899578967097944,0.1856,0.09390612986107003,0.3169,0.12674255822842873,same_schema_external_baseline,official_completed,official_code_qwen3base_default_hparams_declared_adaptation,outputs/home_large10000_100neg_llmemb_official_qwen3base_same_candidate/scores.csv
home,llmesr,10000,101.0,1.0,0.059737054548523474,0.0621,0.037993209299003045,0.1163,0.055376101596196485,0.2139,0.0797502336556021,same_schema_external_baseline,official_completed,official_code_qwen3base_default_hparams_declared_adaptation,outputs/home_large10000_100neg_llmesr_sasrec_official_qwen3base_same_candidate/scores.csv
home,proex,10000,101.0,1.0,0.05933326491258513,0.0606,0.03662857786324662,0.1177,0.054867449700296195,0.2296,0.08290060869107069,same_schema_external_baseline,official_completed,official_code_qwen3base_default_hparams_declared_adaptation,outputs/home_large10000_100neg_proex_profile_official_qwen3base_same_candidate/scores.csv
home,promax,10000,101.0,1.0,0.053474908740382465,0.0514,0.030788292596664168,0.1019,0.04691808776215203,0.2076,0.07326077825489297,same_schema_external_baseline,official_completed,official_code_qwen3base_default_hparams_declared_adaptation,outputs/home_large10000_100neg_promax_profile_official_qwen3base_same_candidate/scores.csv
home,rlmrec,10000,101.0,1.0,0.06397404670906748,0.0685,0.04126795456098191,0.1268,0.059869974785318684,0.2451,0.08932211717259728,same_schema_external_baseline,official_completed,official_code_qwen3base_default_hparams_declared_adaptation,outputs/home_large10000_100neg_rlmrec_graphcl_official_qwen3base_same_candidate/scores.csv
tools,elmrec,10000,101.0,1.0,0.05237582779698271,0.0501,0.029656030656687697,0.101,0.045870649973376774,0.2101,0.07316592297455926,same_schema_external_baseline,official_completed,official_code_qwen3base_default_hparams_declared_adaptation,outputs/tools_large10000_100neg_elmrec_graph_official_qwen3base_same_candidate/scores.csv
tools,irllrec,10000,101.0,1.0,0.08670154590435823,0.102,0.06504709833452535,0.1651,0.08525707170530923,0.3095,0.12100829406900945,same_schema_external_baseline,official_completed,official_code_qwen3base_default_hparams_declared_adaptation,outputs/tools_large10000_100neg_irllrec_intent_official_qwen3base_same_candidate/scores.csv
tools,llm2rec,10000,101.0,1.0,0.08101396652891538,0.0957,0.060227320850546905,0.1625,0.08147852827156639,0.2954,0.11481218118869342,same_schema_external_baseline,official_completed,official_code_qwen3base_default_hparams_declared_adaptation,outputs/tools_large10000_100neg_llm2rec_sasrec_official_qwen3base_same_candidate/scores.csv
tools,llmemb,10000,101.0,1.0,0.10649354669900822,0.1365,0.087457824217457,0.2257,0.11594350972806679,0.3637,0.15050644138929892,same_schema_external_baseline,official_completed,official_code_qwen3base_default_hparams_declared_adaptation,outputs/tools_large10000_100neg_llmemb_official_qwen3base_same_candidate/scores.csv
tools,llmesr,10000,101.0,1.0,0.06334161303438132,0.0711,0.042728964614829223,0.127,0.060602849768892623,0.2219,0.08433244535733923,same_schema_external_baseline,official_completed,official_code_qwen3base_default_hparams_declared_adaptation,outputs/tools_large10000_100neg_llmesr_sasrec_official_qwen3base_same_candidate/scores.csv
tools,proex,10000,101.0,1.0,0.06071849976691817,0.0602,0.037281705859706714,0.1177,0.055676376797898205,0.2329,0.08437492971571317,same_schema_external_baseline,official_completed,official_code_qwen3base_default_hparams_declared_adaptation,outputs/tools_large10000_100neg_proex_profile_official_qwen3base_same_candidate/scores.csv
tools,promax,10000,101.0,1.0,0.056527355267188224,0.056,0.03468275603534166,0.1046,0.05029722685396016,0.2018,0.07458228366305956,same_schema_external_baseline,official_completed,official_code_qwen3base_default_hparams_declared_adaptation,outputs/tools_large10000_100neg_promax_profile_official_qwen3base_same_candidate/scores.csv
tools,rlmrec,10000,101.0,1.0,0.07220064580885768,0.0784,0.05017501611537314,0.1354,0.06838865570840932,0.2465,0.09599330874161652,same_schema_external_baseline,official_completed,official_code_qwen3base_default_hparams_declared_adaptation,outputs/tools_large10000_100neg_rlmrec_graphcl_official_qwen3base_same_candidate/scores.csv
beauty,elmrec,973,101.0,1.0,0.08087096097942494,0.08530318602261049,0.060027758599836036,0.14388489208633093,0.0789458768007444,0.23227132579650564,0.10104580780312636,same_schema_external_baseline,official_completed,official_code_qwen3base_default_hparams_declared_adaptation,outputs/baselines/official_adapters/beauty_supplementary_smallerN_100neg_elmrec_official/elmrec_official_scores.csv
beauty,irllrec,973,101.0,1.0,0.1239693523674802,0.15210688591983557,0.10744899647597837,0.2199383350462487,0.1288309008301226,0.3432682425488181,0.15970965973044962,same_schema_external_baseline,official_completed,official_code_qwen3base_default_hparams_declared_adaptation,outputs/baselines/official_adapters/beauty_supplementary_smallerN_100neg_irllrec_official/irllrec_official_scores.csv
beauty,llm2rec,973,101.0,1.0,0.05839958239135137,0.06166495375128469,0.03800056719708648,0.10380267214799589,0.05164156238269869,0.20863309352517986,0.07794262973980275,same_schema_external_baseline,official_completed,official_code_qwen3base_default_hparams_declared_adaptation,outputs/baselines/official_adapters/beauty_supplementary_smallerN_100neg_llm2rec_official/llm2rec_official_scores.csv
beauty,llmemb,973,101.0,1.0,0.11034064073898667,0.13771839671120248,0.09043707758658753,0.23843782117163412,0.12259360010805838,0.3597122302158273,0.1529104901084582,same_schema_external_baseline,official_completed,official_code_qwen3base_default_hparams_declared_adaptation,outputs/baselines/official_adapters/beauty_supplementary_smallerN_100neg_llmemb_official/llmemb_official_scores.csv
beauty,llmesr,973,101.0,1.0,0.09685107695177135,0.12127440904419322,0.07717137854524309,0.2065775950668037,0.10433955769746672,0.33504624871531347,0.13639660216760074,same_schema_external_baseline,official_completed,official_code_qwen3base_default_hparams_declared_adaptation,outputs/baselines/official_adapters/beauty_supplementary_smallerN_100neg_llmesr_official/llmesr_official_scores.csv
beauty,proex,973,101.0,1.0,0.1429360032242356,0.1644398766700925,0.12255364385251012,0.2528263103802672,0.15058877178954558,0.3854059609455293,0.18373677698660923,same_schema_external_baseline,official_completed,official_code_qwen3base_default_hparams_declared_adaptation,outputs/baselines/official_adapters/beauty_supplementary_smallerN_100neg_proex_official/proex_official_scores.csv
beauty,promax,973,101.0,1.0,0.12177938978510666,0.1510791366906475,0.10660419682329204,0.21377183967112023,0.12697982674890387,0.31243576567317577,0.15178476599365484,same_schema_external_baseline,official_completed,official_code_qwen3base_default_hparams_declared_adaptation,outputs/baselines/official_adapters/beauty_supplementary_smallerN_100neg_promax_official/promax_official_scores.csv
beauty,rlmrec,973,101.0,1.0,0.12489220978042684,0.13874614594039056,0.10577111394795764,0.197327852004111,0.12463177728554392,0.31243576567317577,0.1532363733700933,same_schema_external_baseline,official_completed,official_code_qwen3base_default_hparams_declared_adaptation,outputs/baselines/official_adapters/beauty_supplementary_smallerN_100neg_rlmrec_official/rlmrec_official_scores.csv
books,elmrec,10000,101.0,1.0,0.057848368717772915,0.0569,0.035645211935309715,0.1092,0.05226230203924606,0.2107,0.07763542474316941,same_schema_external_baseline,official_completed,official_code_qwen3base_default_hparams_declared_adaptation,outputs/baselines/official_adapters/books_large10000_100neg_elmrec_official/elmrec_official_scores.csv
books,irllrec,10000,101.0,1.0,0.15498261038478378,0.1796,0.12681219452270753,0.3055,0.16647261783939768,0.5767,0.23495162230429043,same_schema_external_baseline,official_completed,official_code_qwen3base_default_hparams_declared_adaptation,outputs/baselines/official_adapters/books_large10000_100neg_irllrec_official/irllrec_official_scores.csv
books,llm2rec,10000,101.0,1.0,0.1984283881170138,0.2624,0.1880621198363804,0.372,0.2233606175362847,0.505,0.2568546522244394,same_schema_external_baseline,official_completed,official_code_qwen3base_default_hparams_declared_adaptation,outputs/baselines/official_adapters/books_large10000_100neg_llm2rec_official/llm2rec_official_scores.csv
books,llmemb,10000,101.0,1.0,0.23315127723109644,0.3345,0.22933734791243032,0.4722,0.27365830143129205,0.6308,0.3137182283232155,same_schema_external_baseline,official_completed,official_code_qwen3base_default_hparams_declared_adaptation,outputs/baselines/official_adapters/books_large10000_100neg_llmemb_official/llmemb_official_scores.csv
books,llmesr,10000,101.0,1.0,0.07319122889177893,0.0827,0.05147863461477749,0.1479,0.07232903822069997,0.2491,0.0975550678937354,same_schema_external_baseline,official_completed,official_code_qwen3base_default_hparams_declared_adaptation,outputs/baselines/official_adapters/books_large10000_100neg_llmesr_official/llmesr_official_scores.csv
books,proex,10000,101.0,1.0,0.11449217924327622,0.1525,0.09658709941937896,0.2568,0.1300739103802206,0.3944,0.1646983930139706,same_schema_external_baseline,official_completed,official_code_qwen3base_default_hparams_declared_adaptation,outputs/baselines/official_adapters/books_large10000_100neg_proex_official/proex_official_scores.csv
books,promax,10000,101.0,1.0,0.09712515933858547,0.1139,0.07964268024253457,0.1713,0.09799965974136728,0.2656,0.12158727114270466,same_schema_external_baseline,official_completed,official_code_qwen3base_default_hparams_declared_adaptation,outputs/baselines/official_adapters/books_large10000_100neg_promax_official/promax_official_scores.csv
books,rlmrec,10000,101.0,1.0,0.12704620597308397,0.1524,0.10475359484548603,0.2319,0.13018491997482762,0.4345,0.18068677686626267,same_schema_external_baseline,official_completed,official_code_qwen3base_default_hparams_declared_adaptation,outputs/baselines/official_adapters/books_large10000_100neg_rlmrec_official/rlmrec_official_scores.csv
electronics,elmrec,10000,101.0,1.0,0.054736411078705166,0.0556,0.03310892904802264,0.105,0.048883816665080584,0.2045,0.07380664015167782,same_schema_external_baseline,official_completed,official_code_qwen3base_default_hparams_declared_adaptation,outputs/baselines/official_adapters/electronics_large10000_100neg_elmrec_official/elmrec_official_scores.csv
electronics,irllrec,10000,101.0,1.0,0.0974896921563684,0.1209,0.07808053401954024,0.1883,0.09967863323931107,0.3173,0.13160845194681103,same_schema_external_baseline,official_completed,official_code_qwen3base_default_hparams_declared_adaptation,outputs/baselines/official_adapters/electronics_large10000_100neg_irllrec_official/irllrec_official_scores.csv
electronics,llm2rec,10000,101.0,1.0,0.05806328152497213,0.0603,0.03503842876519825,0.1172,0.053195003995481806,0.233,0.0821430681274433,same_schema_external_baseline,official_completed,official_code_qwen3base_default_hparams_declared_adaptation,outputs/baselines/official_adapters/electronics_large10000_100neg_llm2rec_official/llm2rec_official_scores.csv
electronics,llmemb,10000,101.0,1.0,0.10670180861224174,0.1395,0.08589392059209101,0.245,0.11963436550635798,0.4003,0.15856064009986215,same_schema_external_baseline,official_completed,official_code_qwen3base_default_hparams_declared_adaptation,outputs/baselines/official_adapters/electronics_large10000_100neg_llmemb_official/llmemb_official_scores.csv
electronics,llmesr,10000,101.0,1.0,0.06831887091688206,0.0772,0.04680497765524861,0.1426,0.06777086223524523,0.2503,0.09477806931823449,same_schema_external_baseline,official_completed,official_code_qwen3base_default_hparams_declared_adaptation,outputs/baselines/official_adapters/electronics_large10000_100neg_llmesr_official/llmesr_official_scores.csv
electronics,proex,10000,101.0,1.0,0.0665202465590088,0.0707,0.043982348486750734,0.1305,0.06314964103459302,0.2518,0.09330391384308169,same_schema_external_baseline,official_completed,official_code_qwen3base_default_hparams_declared_adaptation,outputs/baselines/official_adapters/electronics_large10000_100neg_proex_official/proex_official_scores.csv
electronics,promax,10000,101.0,1.0,0.06567744160427601,0.0731,0.04594763000344337,0.1232,0.06194290320647717,0.2202,0.08619493133421724,same_schema_external_baseline,official_completed,official_code_qwen3base_default_hparams_declared_adaptation,outputs/baselines/official_adapters/electronics_large10000_100neg_promax_official/promax_official_scores.csv
electronics,rlmrec,10000,101.0,1.0,0.08130757592914226,0.0971,0.061276492375174664,0.1612,0.08179650381575532,0.2715,0.10927843998947341,same_schema_external_baseline,official_completed,official_code_qwen3base_default_hparams_declared_adaptation,outputs/baselines/official_adapters/electronics_large10000_100neg_rlmrec_official/rlmrec_official_scores.csv
movies,elmrec,10000,101.0,1.0,0.06784761376538234,0.0748,0.045667693652349614,0.1408,0.06672835735181647,0.2549,0.09532250568941311,same_schema_external_baseline,official_completed,official_code_qwen3base_default_hparams_declared_adaptation,outputs/baselines/official_adapters/movies_large10000_100neg_elmrec_official/elmrec_official_scores.csv
movies,irllrec,10000,101.0,1.0,0.12948592779699106,0.164,0.10798277126170337,0.263,0.13974962164442645,0.4555,0.1878089581911455,same_schema_external_baseline,official_completed,official_code_qwen3base_default_hparams_declared_adaptation,outputs/baselines/official_adapters/movies_large10000_100neg_irllrec_official/irllrec_official_scores.csv
movies,llm2rec,10000,101.0,1.0,0.1323640136345991,0.1745,0.11664695656027041,0.2669,0.146401381714209,0.3938,0.1781365903302123,same_schema_external_baseline,official_completed,official_code_qwen3base_default_hparams_declared_adaptation,outputs/baselines/official_adapters/movies_large10000_100neg_llm2rec_official/llm2rec_official_scores.csv
movies,llmemb,10000,101.0,1.0,0.14432029059785623,0.1986,0.1257375965322765,0.3336,0.16896032141625786,0.5151,0.21466919146932387,same_schema_external_baseline,official_completed,official_code_qwen3base_default_hparams_declared_adaptation,outputs/baselines/official_adapters/movies_large10000_100neg_llmemb_official/llmemb_official_scores.csv
movies,llmesr,10000,101.0,1.0,0.07306104221999506,0.0828,0.04923222952380893,0.1617,0.07454774534335061,0.3054,0.11062537903424007,same_schema_external_baseline,official_completed,official_code_qwen3base_default_hparams_declared_adaptation,outputs/baselines/official_adapters/movies_large10000_100neg_llmesr_official/llmesr_official_scores.csv
movies,proex,10000,101.0,1.0,0.1123046279511156,0.1461,0.09377638378370406,0.245,0.12539485298091516,0.384,0.16031961696838792,same_schema_external_baseline,official_completed,official_code_qwen3base_default_hparams_declared_adaptation,outputs/baselines/official_adapters/movies_large10000_100neg_proex_official/proex_official_scores.csv
movies,promax,10000,101.0,1.0,0.10912910822417955,0.1403,0.0928623778936138,0.2184,0.11792803662733405,0.3331,0.146679053834251,same_schema_external_baseline,official_completed,official_code_qwen3base_default_hparams_declared_adaptation,outputs/baselines/official_adapters/movies_large10000_100neg_promax_official/promax_official_scores.csv
movies,rlmrec,10000,101.0,1.0,0.11577678102420677,0.1529,0.09800259760316343,0.2471,0.128312261537353,0.3765,0.16089240525231843,same_schema_external_baseline,official_completed,official_code_qwen3base_default_hparams_declared_adaptation,outputs/baselines/official_adapters/movies_large10000_100neg_rlmrec_official/rlmrec_official_scores.csv
